{
  "_fv": 33,
  "_type": "armor",
  "definition": {
    "enableHelmet": true,
    "textureHelmet": "starsteel_head",
    "enableBody": true,
    "textureBody": "starsteel_body",
    "enableLeggings": true,
    "textureLeggings": "starsteel_leggings",
    "enableBoots": true,
    "textureBoots": "starsteel_boots",
    "creativeTab": {
      "value": "CUSTOM:Test"
    },
    "armorTextureFile": "starsteel",
    "helmetName": "Starsteel Helmet",
    "bodyName": "Starsteel Chestplate",
    "leggingsName": "Starsteel Leggings",
    "bootsName": "Starsteel Boots",
    "helmetSpecialInfo": [],
    "bodySpecialInfo": [],
    "leggingsSpecialInfo": [],
    "bootsSpecialInfo": [],
    "helmetModelName": "Default",
    "helmetModelPart": "Helmet",
    "helmetModelTexture": "From armor",
    "bodyModelName": "Default",
    "bodyModelPart": "Body",
    "armsModelPartL": "Arms L",
    "armsModelPartR": "Arms R",
    "bodyModelTexture": "From armor",
    "leggingsModelName": "Default",
    "leggingsModelPartL": "Leggings L",
    "leggingsModelPartR": "Leggings R",
    "leggingsModelTexture": "From armor",
    "bootsModelName": "Default",
    "bootsModelPartL": "Boots L",
    "bootsModelPartR": "Boots R",
    "bootsModelTexture": "From armor",
    "helmetImmuneToFire": false,
    "bodyImmuneToFire": false,
    "leggingsImmuneToFire": false,
    "bootsImmuneToFire": false,
    "maxDamage": 100,
    "damageValueHelmet": 100,
    "damageValueBody": 100,
    "damageValueLeggings": 100,
    "damageValueBoots": 100,
    "enchantability": 100,
    "toughness": 0.0,
    "knockbackResistance": 0.0,
    "equipSound": {
      "value": "item.armor.equip_generic"
    },
    "repairItems": [
      {
        "value": "CUSTOM:StarsteelDust"
      },
      {
        "value": "Blocks.DIRT#0"
      }
    ]
  }
}